"track","category","method","config_id","runs","mean_runtime_sec","sd_runtime_sec","mean_sample_access","mean_memory_mb","mean_abs_error_mean","mean_abs_error_coef","mean_ci_cover_mean","mean_ci_cover_coef","mean_ci_width_mean","mean_ci_width_coef","mean_mse","mean_r2","stability_mean_sd","stability_coef_sd","stability_mse_sd","time_eff","memory_eff","access_eff","acc_score","stability_score","cov_score","score_time_budget","score_memory_budget","score_access_budget"
"Empirical","Distributed","One-step","K10",8,0.268240958452225,0.0209065124327001,602500,0.0009765625,0,1.19493304140406e-12,1,1,0.0856707299434589,0.00699340977770468,23.6639317475177,0.917425951689734,0,6.79976676594345e-14,2.32579705080119e-15,0.999934178982144,0.999989999929166,0.974977081423452,0.999999999999204,0.999999999999711,1,0.999970380541686,0.999995499967788,0.988739686640275
"Empirical","Distributed","SAE","K5",8,0.23122850060463,0.020795801894451,6e+05,0.000823974609375,4.44089209850063e-16,0.000148708269411879,1,1,0.0809354387945884,0.032719098003,23.6639323022513,0.917425949754021,1.3427995533605e-15,0.000183368971340374,9.09082409987803e-07,0.999943359099639,0.999998333321528,0.975081256771398,0.998787832593713,0.999217313222064,1,0.999550253002637,0.9994184540469,0.988362306954928
"Empirical","Hybrid","BLB->One-step","A",8,7.3641844689846,0.315597226620685,13903300,0.00936126708984375,0,1.09728892638827e-12,1,1,0.0856707299434589,0.00699340977770468,23.6639317475177,0.917425951689734,0,5.85998267406212e-14,2.32579705080119e-15,0.998174187915487,0.9995320800189,0.420730894241187,1,0.999999999999751,1,0.999178384561969,0.999789436008455,0.739328902408534
"Empirical","Distributed","SAE","K20",8,0.324031502008438,0.0182807176039025,6e+05,0.00128173828125,0,0.000572515594181755,1,1,0.079393302908052,0.0360376438991945,23.6639390538079,0.917425926194818,0,0.000423990839807578,9.45311162192604e-06,0.999920341377868,0.999973333144443,0.975081256771398,0.995333247105937,0.99819024984512,1,0.998330790107119,0.997992686371102,0.987153202034207
"Empirical","Subsampling","BLB","g0.7_s10_B120",8,9.26263815164566,0.681687270805334,13300800,0.00936126708984375,0.0330271199018117,0.0171418694151989,1,1,0.880595887385335,0.281331971476582,23.6639317475177,0.917425951689734,0.0363645053341592,0.0191918455120076,0,0.997703318676325,0.9995320800189,0.445837153096091,0.860271284024039,0.918082085444193,1,0.95006144281276,0.934500802505757,0.701721668301655
"Empirical","Subsampling","Stratified","frac0.10",8,0.0185321271419525,0.00972551918971478,60000,2.97791290283203,0.0623156375000016,0.0256840085172357,0.875,0.125,0.270847399140239,0.0221414734637996,23.6803452067643,0.917368677784822,0.0569195295930212,0.0302816930765039,0.0104062581437176,0.999996113707486,0.837408431643057,0.997583131927661,0.790641647980157,0.870746503013782,0.125,0.751722827961424,0.827707671635187,0.750636986160502
"Empirical","Subsampling","SRS","frac0.05",8,0.00961136817932129,0.00526782261940402,30000,1.37496948242188,0.0745132916666664,0.0388224172137143,1,0,0.380545587815438,0.0312588314429922,23.6897967987455,0.917335696950479,0.0928342728151891,0.0431652312240912,0.0175495646655783,0.999998326303466,0.92495113507054,0.998833236103009,0.683546387085441,0.815754783927139,0,0.689240482316464,0.818620203047075,0.688716191726258
"Empirical","Hybrid","One-step->SGD","B",8,1322.48610475659,38.8723063198631,17402500,18.3112106323242,0,0.0608543025280782,1,0.25,0.0856707299434589,0.00702338697404004,23.8677864992272,0.916714611228837,0,0.0765336823262866,0.245594270528855,0.671987426727963,0,0.274918743228602,0.50395762864039,0.673325858864196,0.25,0.52877951205172,0.311050341796976,0.350098604477007
"Empirical","Mini-batch","SGD","bs256",8,918.329027473927,10.9020842703578,2.4e+07,18.3112106323242,0,0.122679646016385,1,0,0.0856707299434589,0.00714313448403725,24.7205940351301,0.913738784074653,0,0.234281422031719,1.99219488850337,0.772229606571653,0,0,0,0,0,0.347503322957244,0,0
"Empirical","Mini-batch","SGD","bs64",8,4031.80941337347,615.091403173308,2.4e+07,18.3112106323242,0,0.0929245531324384,1,0,0.0856707299434589,0.00711198436685256,24.4774724411787,0.914587144121429,0,0.116229121182309,0.69296210304386,0,0,0,0.242543028533346,0.503891003501878,0,0.084890059986671,0.185668260687047,0.084890059986671
"Empirical","Hybrid","Stratified-SGD->Aggregate","C",8,514.893619537354,97.9839719937201,2.4e+07,0.00079345703125,0,NA,1,NA,0.0856707299434589,NA,NA,NA,0,NA,NA,0.872292792374547,1,0,NA,NA,NA,NA,NA,NA
"Simulation","Hybrid","One-step->SGD","B",8,10.0140156149864,2.18423967635696,1162500,2.74760437011719,0,0.00430673894930547,1,1,0.0372733252017756,0.0256327662857768,1.09085627728722,0.698356300596845,0,0.00482621973530761,0.000367214395357239,0.997516956197367,0.849986437403932,0.951641803483624,0.964894429613275,0.979399904211551,1,0.986595680653461,0.916086928038726,0.965951861932277
"Simulation","Distributed","SAE","K5",8,0.0475494563579559,0.00457996635612592,40000,0.001373291015625,1.66533453693773e-16,0.00553714367665006,1,1,0.0388164243474444,0.0277115290070079,1.09042498813917,0.698475560720143,2.90724631350149e-16,0.00041756351761409,2.42828309261937e-07,0.999988916603941,0.999968333109026,0.998416534711226,0.954865017503696,0.99821768404002,1,0.984197768598067,0.98383204283336,0.983490196746345
"Simulation","Distributed","SAE","K20",8,0.107121050357819,0.0514350950923906,40000,0.00240325927734375,0,0.00562531204089724,1,1,0.0374050835698784,0.0292220118479068,1.09042599647857,0.69847528189402,0,0.000757894351820873,7.79761249357905e-07,0.999974141194144,0.999912082710586,0.998416534711226,0.954146329709013,0.996765025817036,1,0.983939578935519,0.983264657781326,0.983238656018206
"Simulation","Distributed","One-step","K10",8,0.0826802253723145,0.0041518524324869,42500,0.00171661376953125,0,0.00568635713521051,1,1,0.0372733252017756,0.0256276943184266,1.09042459649679,0.69847566901714,0,4.55829274744901e-16,0,0.999980203197536,0.999949582976213,0.99831235936328,0.953648732134387,0.999999999999999,1,0.983768147685927,0.983754368586331,0.983017617960511
"Simulation","Hybrid","BLB->One-step","A",8,8.16263338923454,0.282692677476547,2040500,0.00936126708984375,0,0.00568635713520731,1,1,0.0372733252017756,0.0256276943184266,1.09042459649679,0.69847566901714,0,2.18043473512611e-16,0,0.997976150407898,0.9995320800189,0.915055421285107,0.953648732134413,1,1,0.982866323930599,0.98356649225555,0.945551995825343
"Simulation","Mini-batch","SGD","bs256",8,9.24466863274574,0.145706624261889,1600000,2.74760437011719,0,0.00687201452380626,1,1,0.0372733252017756,0.0256289527611266,1.09053169221379,0.698446054897536,0,0.00330468207379969,0.000120927481280387,0.997707775616081,0.849986437403932,0.933411117593133,0.943984069518324,0.985894391261839,1,0.97936292335865,0.91006719941555,0.950429427248323
"Simulation","Subsampling","BLB","g0.7_s10_B120",8,5.1804319024086,0.274323922195825,1998000,0.00936126708984375,0.0158431268014444,0.015608659979081,1,1,0.247152106421887,0.177660756454727,1.09042459649679,0.69847566901714,0.0188379867623928,0.0157960779689461,0,0.998715819201483,0.9995320800189,0.916826402200183,0.872768951615342,0.932576480747128,1,0.954891251706037,0.9417738652233,0.918041014055452
"Simulation","Subsampling","Stratified","frac0.10",8,0.00288316607475281,0.000493854976051776,4000,0.323211669921875,0.0108841239529477,0.0163917231058269,1,1,0.117959479196084,0.0814669629686656,1.09256425328593,0.697884010883279,0.0140689906584421,0.0141672646364451,0.000909431332513861,0.999999995084451,0.982391541940089,0.999916659721643,0.866385960204947,0.939528860147832,1,0.953235083859734,0.933217051974338,0.953197582946471
"Simulation","Mini-batch","SGD","bs64",8,28.755957365036,5.33296142000341,1600000,2.74760437011719,0,0.00959492797908551,1,0.625,0.0372733252017756,0.0256360602326714,1.09113666179397,0.698278768641781,0,0.0087339666627175,0.000398657469127712,0.992868434122336,0.849986437403932,0.933411117593133,0.921788753965001,0.962720191012265,0.625,0.894416859242802,0.897663998921973,0.86766106680466
"Simulation","Subsampling","SRS","frac0.05",8,0.00286334753036499,0.000569830518582602,2000,0.154464721679688,0.0290765153699821,0.0305722637575645,1,0.875,0.166452484328817,0.11600790953748,1.09595136203024,0.696947407195712,0.0367009671187408,0.0427900111705754,0.00227605150442532,1,0.991607440552704,1,0.750795957198496,0.817356362277919,0.875,0.887778585019473,0.872473205723774,0.887778585019473
"Simulation","Hybrid","Stratified-SGD->Aggregate","C",8,3.23203077912331,0.251260527321975,1600000,0.00130462646484375,0,0.0849897087233976,1,1,0.0372733252017756,2.56122794868398,1.31549546950562,0.636239046122037,0,0.00525386055993828,0.00306940004088994,0.999199076793113,0.999972083135589,0.933411117593133,0.307222416408755,0.977574574567732,1,0.757167430299965,0.753030198067626,0.727562848659974
